front_rim_distance,sensor_height,diameter,ddr,dp,cr
15.0,0.5,5.0,0.05,0.0,0.0
15.0,0.5,5.0,0.060000000000000005,0.0,0.0
15.0,0.5,5.0,0.07,0.0,0.0
15.0,0.5,5.0,0.08000000000000002,0.0,0.0
15.0,0.5,5.0,0.09000000000000001,0.0,0.0
15.0,0.5,5.0,0.1,0.0,0.0
15.0,0.5,5.0,0.11000000000000001,0.0,0.0
15.0,0.5,5.0,0.12000000000000001,0.0,0.0
15.0,0.5,5.0,0.13,0.0,0.0
15.0,0.5,5.0,0.14,0.0,0.0
15.0,0.5,5.0,0.15000000000000002,0.0,0.0
15.0,0.5,5.0,0.16000000000000003,0.0,0.0
15.0,0.5,5.0,0.17000000000000004,0.0,0.0
15.0,0.5,5.0,0.18000000000000005,0.0,0.0
15.0,0.5,5.0,0.19,0.0,0.0
15.0,0.5,5.0,0.2,0.0,0.0
15.0,0.5,5.0,0.21000000000000002,0.0,0.0
15.0,0.5,5.0,0.22000000000000003,0.0,0.0
15.0,0.5,5.0,0.23000000000000004,0.0,0.0
15.0,0.5,5.0,0.24000000000000005,0.0,0.0
15.0,0.5,5.0,0.25000000000000006,0.0,0.0
15.0,0.5,5.0,0.26000000000000006,0.0,0.0
15.0,0.5,5.0,0.27,0.0,0.0
15.0,0.5,5.0,0.28,0.0,0.0
15.0,0.5,5.0,0.29000000000000004,0.0,0.0
15.0,0.5,5.0,0.30000000000000004,0.0,0.0
15.0,0.5,5.0,0.31000000000000005,0.0,0.0
15.0,0.5,5.0,0.32000000000000006,0.0,0.0
15.0,0.5,5.0,0.33,0.0,0.0
15.0,0.5,5.0,0.34,0.0,0.0
15.0,0.5,5.0,0.35000000000000003,0.0,0.0
15.0,0.5,5.0,0.36000000000000004,0.0,0.0
15.0,0.5,5.0,0.37000000000000005,0.0,0.0
15.0,0.5,5.0,0.38000000000000006,0.0,0.0
15.0,0.5,5.0,0.39000000000000007,0.0,0.0
15.0,0.5,5.0,0.4000000000000001,0.0,0.0
15.0,0.5,5.0,0.4100000000000001,0.0,0.0
15.0,0.5,5.0,0.42000000000000004,0.0,0.0
15.0,0.5,5.0,0.43000000000000005,0.0,0.0
15.0,0.5,5.0,0.44000000000000006,0.0,0.0
15.0,0.5,5.0,0.45000000000000007,0.0,0.0
15.0,0.5,5.0,0.4600000000000001,0.0,0.0
15.0,0.5,5.0,0.4700000000000001,0.0,0.0
15.0,0.5,5.0,0.4800000000000001,0.0,0.0
15.0,0.5,5.0,0.49000000000000005,0.0,0.0
15.0,0.5,5.0,0.5000000000000001,0.0,0.0
15.0,0.5,8.0,0.05,0.0,0.0
15.0,0.5,8.0,0.060000000000000005,0.0,0.0
15.0,0.5,8.0,0.07,0.0,0.0
15.0,0.5,8.0,0.08000000000000002,0.0,0.0
15.0,0.5,8.0,0.09000000000000001,0.0,0.0
15.0,0.5,8.0,0.1,0.0,0.0
15.0,0.5,8.0,0.11000000000000001,0.0,0.0
15.0,0.5,8.0,0.12000000000000001,0.0,0.0
15.0,0.5,8.0,0.13,0.0,0.0
15.0,0.5,8.0,0.14,0.0,0.0
15.0,0.5,8.0,0.15000000000000002,0.0,0.0
15.0,0.5,8.0,0.16000000000000003,0.0,0.0
15.0,0.5,8.0,0.17000000000000004,0.0,0.0
15.0,0.5,8.0,0.18000000000000005,0.0,0.0
15.0,0.5,8.0,0.19,0.0,0.0
15.0,0.5,8.0,0.2,0.0,0.0
15.0,0.5,8.0,0.21000000000000002,0.0,0.0
15.0,0.5,8.0,0.22000000000000003,0.0,0.0
15.0,0.5,8.0,0.23000000000000004,0.0,0.0
15.0,0.5,8.0,0.24000000000000005,0.0,0.0
15.0,0.5,8.0,0.25000000000000006,0.0,0.0
15.0,0.5,8.0,0.26000000000000006,0.0,0.0
15.0,0.5,8.0,0.27,0.0,0.0
15.0,0.5,8.0,0.28,0.0,0.0
15.0,0.5,8.0,0.29000000000000004,0.0,0.0
15.0,0.5,8.0,0.30000000000000004,0.0,0.0
15.0,0.5,8.0,0.31000000000000005,0.0,0.0
15.0,0.5,8.0,0.32000000000000006,0.0,0.0
15.0,0.5,8.0,0.33,0.0,0.0
15.0,0.5,8.0,0.34,0.0,0.0
15.0,0.5,8.0,0.35000000000000003,0.0,0.0
15.0,0.5,8.0,0.36000000000000004,0.0,0.0
15.0,0.5,8.0,0.37000000000000005,0.0,0.0
15.0,0.5,8.0,0.38000000000000006,0.0,0.0
15.0,0.5,8.0,0.39000000000000007,0.0,0.0
15.0,0.5,8.0,0.4000000000000001,0.0,0.0
15.0,0.5,8.0,0.4100000000000001,0.0,0.0
15.0,0.5,8.0,0.42000000000000004,0.0,0.0
15.0,0.5,8.0,0.43000000000000005,0.0,0.0
15.0,0.5,8.0,0.44000000000000006,0.0,0.0
15.0,0.5,8.0,0.45000000000000007,0.0,0.0
15.0,0.5,8.0,0.4600000000000001,0.0,0.0
15.0,0.5,8.0,0.4700000000000001,0.0,0.0
15.0,0.5,8.0,0.4800000000000001,0.0,0.0
15.0,0.5,8.0,0.49000000000000005,0.0,0.0
15.0,0.5,8.0,0.5000000000000001,0.0,0.0
15.0,0.5,10.0,0.05,0.0,0.0
15.0,0.5,10.0,0.060000000000000005,0.0,0.0
15.0,0.5,10.0,0.07,0.0,0.0
15.0,0.5,10.0,0.08000000000000002,0.0,0.0
15.0,0.5,10.0,0.09000000000000001,0.0,0.0
15.0,0.5,10.0,0.1,0.0,0.0
15.0,0.5,10.0,0.11000000000000001,0.0,0.0
15.0,0.5,10.0,0.12000000000000001,0.0,0.0
15.0,0.5,10.0,0.13,0.0,0.0
15.0,0.5,10.0,0.14,0.0,0.0
15.0,0.5,10.0,0.15000000000000002,0.0,0.0
15.0,0.5,10.0,0.16000000000000003,0.0,0.0
15.0,0.5,10.0,0.17000000000000004,0.0,0.0
15.0,0.5,10.0,0.18000000000000005,0.0,0.0
15.0,0.5,10.0,0.19,0.0,0.0
15.0,0.5,10.0,0.2,0.0,0.0
15.0,0.5,10.0,0.21000000000000002,0.0,0.0
15.0,0.5,10.0,0.22000000000000003,0.0,0.0
15.0,0.5,10.0,0.23000000000000004,0.0,0.0
15.0,0.5,10.0,0.24000000000000005,0.0,0.0
15.0,0.5,10.0,0.25000000000000006,0.0,0.0
15.0,0.5,10.0,0.26000000000000006,0.0,0.0
15.0,0.5,10.0,0.27,0.0,0.0
15.0,0.5,10.0,0.28,0.0,0.0
15.0,0.5,10.0,0.29000000000000004,0.0,0.0
15.0,0.5,10.0,0.30000000000000004,0.0,0.0
15.0,0.5,10.0,0.31000000000000005,0.0,0.0
15.0,0.5,10.0,0.32000000000000006,0.0,0.0
15.0,0.5,10.0,0.33,0.0,0.0
15.0,0.5,10.0,0.34,0.0,0.0
15.0,0.5,10.0,0.35000000000000003,0.0,0.0
15.0,0.5,10.0,0.36000000000000004,0.0,0.0
15.0,0.5,10.0,0.37000000000000005,0.0,0.0
15.0,0.5,10.0,0.38000000000000006,0.0,0.0
15.0,0.5,10.0,0.39000000000000007,0.0,0.0
15.0,0.5,10.0,0.4000000000000001,0.0,0.0
15.0,0.5,10.0,0.4100000000000001,0.0,0.0
15.0,0.5,10.0,0.42000000000000004,0.0,0.0
15.0,0.5,10.0,0.43000000000000005,0.0,0.0
15.0,0.5,10.0,0.44000000000000006,0.0,0.0
15.0,0.5,10.0,0.45000000000000007,0.0,0.0
15.0,0.5,10.0,0.4600000000000001,0.0,0.0
15.0,0.5,10.0,0.4700000000000001,0.0,0.0
15.0,0.5,10.0,0.4800000000000001,0.0,0.0
15.0,0.5,10.0,0.49000000000000005,0.0,0.0
15.0,0.5,10.0,0.5000000000000001,0.0,0.0
10.0,0.5,5.0,0.05,0.0,0.0
10.0,0.5,5.0,0.060000000000000005,0.0,0.0
10.0,0.5,5.0,0.07,0.0,0.0
10.0,0.5,5.0,0.08000000000000002,0.0,0.0
10.0,0.5,5.0,0.09000000000000001,0.0,0.0
10.0,0.5,5.0,0.1,0.0,0.0
10.0,0.5,5.0,0.11000000000000001,0.0,0.0
10.0,0.5,5.0,0.12000000000000001,0.0,0.0
10.0,0.5,5.0,0.13,0.0,0.0
10.0,0.5,5.0,0.14,0.0,0.0
10.0,0.5,5.0,0.15000000000000002,0.0,0.0
10.0,0.5,5.0,0.16000000000000003,0.0,0.0
10.0,0.5,5.0,0.17000000000000004,0.0,0.0
10.0,0.5,5.0,0.18000000000000005,0.0,0.0
10.0,0.5,5.0,0.19,0.0,0.0
10.0,0.5,5.0,0.2,0.0,0.0
10.0,0.5,5.0,0.21000000000000002,0.0,0.0
10.0,0.5,5.0,0.22000000000000003,0.0,0.0
10.0,0.5,5.0,0.23000000000000004,0.0,0.0
10.0,0.5,5.0,0.24000000000000005,0.0,0.0
10.0,0.5,5.0,0.25000000000000006,0.0,0.0
10.0,0.5,5.0,0.26000000000000006,0.0,0.0
10.0,0.5,5.0,0.27,0.0,0.0
10.0,0.5,5.0,0.28,0.0,0.0
10.0,0.5,5.0,0.29000000000000004,0.0,0.0
10.0,0.5,5.0,0.30000000000000004,0.0,0.0
10.0,0.5,5.0,0.31000000000000005,0.0,0.0
10.0,0.5,5.0,0.32000000000000006,0.0,0.0
10.0,0.5,5.0,0.33,0.0,0.0
10.0,0.5,5.0,0.34,0.0,0.0
10.0,0.5,5.0,0.35000000000000003,0.0,0.0
10.0,0.5,5.0,0.36000000000000004,0.0,0.0
10.0,0.5,5.0,0.37000000000000005,0.0,0.0
10.0,0.5,5.0,0.38000000000000006,0.0,0.0
10.0,0.5,5.0,0.39000000000000007,0.0,0.0
10.0,0.5,5.0,0.4000000000000001,0.0,0.0
10.0,0.5,5.0,0.4100000000000001,0.0,0.0
10.0,0.5,5.0,0.42000000000000004,0.0,0.0
10.0,0.5,5.0,0.43000000000000005,0.0,0.0
10.0,0.5,5.0,0.44000000000000006,0.0,0.0
10.0,0.5,5.0,0.45000000000000007,0.0,0.0
10.0,0.5,5.0,0.4600000000000001,0.0,0.0
10.0,0.5,5.0,0.4700000000000001,0.0,0.0
10.0,0.5,5.0,0.4800000000000001,0.0,0.0
10.0,0.5,5.0,0.49000000000000005,0.0,0.0
10.0,0.5,5.0,0.5000000000000001,0.0,0.0
10.0,0.5,8.0,0.05,0.0,0.0
10.0,0.5,8.0,0.060000000000000005,0.0,0.0
10.0,0.5,8.0,0.07,0.0,0.0
10.0,0.5,8.0,0.08000000000000002,0.0,0.0
10.0,0.5,8.0,0.09000000000000001,0.0,0.0
10.0,0.5,8.0,0.1,0.0,0.0
10.0,0.5,8.0,0.11000000000000001,0.0,0.0
10.0,0.5,8.0,0.12000000000000001,0.0,0.0
10.0,0.5,8.0,0.13,0.0,0.0
10.0,0.5,8.0,0.14,0.0,0.0
10.0,0.5,8.0,0.15000000000000002,0.0,0.0
10.0,0.5,8.0,0.16000000000000003,0.0,0.0
10.0,0.5,8.0,0.17000000000000004,0.0,0.0
10.0,0.5,8.0,0.18000000000000005,0.0,0.0
10.0,0.5,8.0,0.19,0.0,0.0
10.0,0.5,8.0,0.2,0.0,0.0
10.0,0.5,8.0,0.21000000000000002,0.0,0.0
10.0,0.5,8.0,0.22000000000000003,0.0,0.0
10.0,0.5,8.0,0.23000000000000004,0.0,0.0
10.0,0.5,8.0,0.24000000000000005,0.0,0.0
10.0,0.5,8.0,0.25000000000000006,0.0,0.0
10.0,0.5,8.0,0.26000000000000006,0.0,0.0
10.0,0.5,8.0,0.27,0.0,0.0
10.0,0.5,8.0,0.28,0.0,0.0
10.0,0.5,8.0,0.29000000000000004,0.0,0.0
10.0,0.5,8.0,0.30000000000000004,0.0,0.0
10.0,0.5,8.0,0.31000000000000005,0.0,0.0
10.0,0.5,8.0,0.32000000000000006,0.0,0.0
10.0,0.5,8.0,0.33,0.0,0.0
10.0,0.5,8.0,0.34,0.0,0.0
10.0,0.5,8.0,0.35000000000000003,0.0,0.0
10.0,0.5,8.0,0.36000000000000004,0.0,0.0
10.0,0.5,8.0,0.37000000000000005,0.0,0.0
10.0,0.5,8.0,0.38000000000000006,0.0,0.0
10.0,0.5,8.0,0.39000000000000007,0.0,0.0
10.0,0.5,8.0,0.4000000000000001,0.0,0.0
10.0,0.5,8.0,0.4100000000000001,0.0,0.0
10.0,0.5,8.0,0.42000000000000004,0.0,0.0
10.0,0.5,8.0,0.43000000000000005,0.0,0.0
10.0,0.5,8.0,0.44000000000000006,0.0,0.0
10.0,0.5,8.0,0.45000000000000007,0.0,0.0
10.0,0.5,8.0,0.4600000000000001,0.0,0.0
10.0,0.5,8.0,0.4700000000000001,0.0,0.0
10.0,0.5,8.0,0.4800000000000001,0.0,0.0
10.0,0.5,8.0,0.49000000000000005,0.0,0.0
10.0,0.5,8.0,0.5000000000000001,0.0,0.0
10.0,0.5,10.0,0.05,0.0,0.0
10.0,0.5,10.0,0.060000000000000005,0.0,0.0
10.0,0.5,10.0,0.07,0.0,0.0
10.0,0.5,10.0,0.08000000000000002,0.0,0.0
10.0,0.5,10.0,0.09000000000000001,0.0,0.0
10.0,0.5,10.0,0.1,0.0,0.0
10.0,0.5,10.0,0.11000000000000001,0.0,0.0
10.0,0.5,10.0,0.12000000000000001,0.0,0.0
10.0,0.5,10.0,0.13,0.0,0.0
10.0,0.5,10.0,0.14,0.0,0.0
10.0,0.5,10.0,0.15000000000000002,0.0,0.0
10.0,0.5,10.0,0.16000000000000003,0.0,0.0
10.0,0.5,10.0,0.17000000000000004,0.0,0.0
10.0,0.5,10.0,0.18000000000000005,0.0,0.0
10.0,0.5,10.0,0.19,0.0,0.0
10.0,0.5,10.0,0.2,0.0,0.0
10.0,0.5,10.0,0.21000000000000002,0.0,0.0
10.0,0.5,10.0,0.22000000000000003,0.0,0.0
10.0,0.5,10.0,0.23000000000000004,0.0,0.0
10.0,0.5,10.0,0.24000000000000005,0.0,0.0
10.0,0.5,10.0,0.25000000000000006,0.0,0.0
10.0,0.5,10.0,0.26000000000000006,0.0,0.0
10.0,0.5,10.0,0.27,0.0,0.0
10.0,0.5,10.0,0.28,0.0,0.0
10.0,0.5,10.0,0.29000000000000004,0.0,0.0
10.0,0.5,10.0,0.30000000000000004,0.0,0.0
10.0,0.5,10.0,0.31000000000000005,0.0,0.0
10.0,0.5,10.0,0.32000000000000006,0.0,0.0
10.0,0.5,10.0,0.33,0.0,0.0
10.0,0.5,10.0,0.34,0.0,0.0
10.0,0.5,10.0,0.35000000000000003,0.0,0.0
10.0,0.5,10.0,0.36000000000000004,0.0,0.0
10.0,0.5,10.0,0.37000000000000005,0.0,0.0
10.0,0.5,10.0,0.38000000000000006,0.0,0.0
10.0,0.5,10.0,0.39000000000000007,0.0,0.0
10.0,0.5,10.0,0.4000000000000001,0.0,0.0
10.0,0.5,10.0,0.4100000000000001,0.0,0.0
10.0,0.5,10.0,0.42000000000000004,0.0,0.0
10.0,0.5,10.0,0.43000000000000005,0.0,0.0
10.0,0.5,10.0,0.44000000000000006,0.0,0.0
10.0,0.5,10.0,0.45000000000000007,0.0,0.0
10.0,0.5,10.0,0.4600000000000001,0.0,0.0
10.0,0.5,10.0,0.4700000000000001,0.0,0.0
10.0,0.5,10.0,0.4800000000000001,0.0,0.0
10.0,0.5,10.0,0.49000000000000005,0.0,0.0
10.0,0.5,10.0,0.5000000000000001,0.0,0.0
5.0,0.5,5.0,0.05,1.0,0.44806279836629176
5.0,0.5,5.0,0.060000000000000005,1.0,0.5856542788604217
5.0,0.5,5.0,0.07,1.0,0.5963134494296709
5.0,0.5,5.0,0.08000000000000002,1.0,0.6472233515421225
5.0,0.5,5.0,0.09000000000000001,1.0,0.6766159818274531
5.0,0.5,5.0,0.1,1.0,0.7070743302121056
5.0,0.5,5.0,0.11000000000000001,1.0,0.7282630042289299
5.0,0.5,5.0,0.12000000000000001,1.0,0.7398036359249968
5.0,0.5,5.0,0.13,1.0,0.7605274507093994
5.0,0.5,5.0,0.14,1.0,0.7724519740293689
5.0,0.5,5.0,0.15000000000000002,1.0,0.7928684199665144
5.0,0.5,5.0,0.16000000000000003,1.0,0.8056304947753116
5.0,0.5,5.0,0.17000000000000004,1.0,0.8154300233067859
5.0,0.5,5.0,0.18000000000000005,1.0,0.8234412667793847
5.0,0.5,5.0,0.19,1.0,0.8356399614394799
5.0,0.5,5.0,0.2,1.0,0.8424065403909501
5.0,0.5,5.0,0.21000000000000002,1.0,0.8487666800991267
5.0,0.5,5.0,0.22000000000000003,1.0,0.854697054577028
5.0,0.5,5.0,0.23000000000000004,1.0,0.862986285262714
5.0,0.5,5.0,0.24000000000000005,1.0,0.8726045159693753
5.0,0.5,5.0,0.25000000000000006,1.0,0.8775805425380915
5.0,0.5,5.0,0.26000000000000006,1.0,0.8848433192070875
5.0,0.5,5.0,0.27,1.0,0.8844720951953193
5.0,0.5,5.0,0.28,1.0,0.8928892793971303
5.0,0.5,5.0,0.29000000000000004,1.0,0.8957590771551258
5.0,0.5,5.0,0.30000000000000004,1.0,0.8971504140696749
5.0,0.5,5.0,0.31000000000000005,1.0,0.9007204661001457
5.0,0.5,5.0,0.32000000000000006,1.0,0.9042916906190018
5.0,0.5,5.0,0.33,1.0,0.905558307819086
5.0,0.5,5.0,0.34,1.0,0.9104921541128598
5.0,0.5,5.0,0.35000000000000003,1.0,0.9098035064664854
5.0,0.5,5.0,0.36000000000000004,1.0,0.9136296771742494
5.0,0.5,5.0,0.37000000000000005,1.0,0.9152988691091646
5.0,0.5,5.0,0.38000000000000006,1.0,0.9165305644961935
5.0,0.5,5.0,0.39000000000000007,1.0,0.9223831312041861
5.0,0.5,5.0,0.4000000000000001,1.0,0.9228755373238103
5.0,0.5,5.0,0.4100000000000001,1.0,0.9245755136331905
5.0,0.5,5.0,0.42000000000000004,1.0,0.9283355699355834
5.0,0.5,5.0,0.43000000000000005,1.0,0.9291907332676139
5.0,0.5,5.0,0.44000000000000006,1.0,0.9302136546616667
5.0,0.5,5.0,0.45000000000000007,1.0,0.9314875457674381
5.0,0.5,5.0,0.4600000000000001,1.0,0.9327776737446042
5.0,0.5,5.0,0.4700000000000001,1.0,0.9349507798617948
5.0,0.5,5.0,0.4800000000000001,1.0,0.9363107150230984
5.0,0.5,5.0,0.49000000000000005,1.0,0.9356573493974268
5.0,0.5,5.0,0.5000000000000001,1.0,0.9401303965492019
5.0,0.5,8.0,0.05,1.0,0.334514208692557
5.0,0.5,8.0,0.060000000000000005,1.0,0.5615502335365679
5.0,0.5,8.0,0.07,1.0,0.6587463294461459
5.0,0.5,8.0,0.08000000000000002,1.0,0.6885407818768322
5.0,0.5,8.0,0.09000000000000001,1.0,0.6460898927193757
5.0,0.5,8.0,0.1,1.0,0.7280414746400865
5.0,0.5,8.0,0.11000000000000001,1.0,0.7338448328529671
5.0,0.5,8.0,0.12000000000000001,1.0,0.7663957247979637
5.0,0.5,8.0,0.13,1.0,0.7798267946186588
5.0,0.5,8.0,0.14,1.0,0.7720450706922136
5.0,0.5,8.0,0.15000000000000002,1.0,0.7996066369980176
5.0,0.5,8.0,0.16000000000000003,1.0,0.7985175455950037
5.0,0.5,8.0,0.17000000000000004,1.0,0.779046800495049
5.0,0.5,8.0,0.18000000000000005,1.0,0.7552217047939198
5.0,0.5,8.0,0.19,1.0,0.7583064394675082
5.0,0.5,8.0,0.2,1.0,0.7865053594670872
5.0,0.5,8.0,0.21000000000000002,1.0,0.7932778802234299
5.0,0.5,8.0,0.22000000000000003,1.0,0.8081617083746325
5.0,0.5,8.0,0.23000000000000004,1.0,0.8180409928946766
5.0,0.5,8.0,0.24000000000000005,1.0,0.8261002617869929
5.0,0.5,8.0,0.25000000000000006,1.0,0.8328033583038496
5.0,0.5,8.0,0.26000000000000006,1.0,0.8415556318218093
5.0,0.5,8.0,0.27,1.0,0.8475501329069787
5.0,0.5,8.0,0.28,1.0,0.8497477683212514
5.0,0.5,8.0,0.29000000000000004,1.0,0.8563386949069679
5.0,0.5,8.0,0.30000000000000004,1.0,0.8616606535070398
5.0,0.5,8.0,0.31000000000000005,1.0,0.8654425546880512
5.0,0.5,8.0,0.32000000000000006,1.0,0.8705993408987537
5.0,0.5,8.0,0.33,1.0,0.8739396922154979
5.0,0.5,8.0,0.34,1.0,0.8795084246419318
5.0,0.5,8.0,0.35000000000000003,1.0,0.8834148121111637
5.0,0.5,8.0,0.36000000000000004,1.0,0.8869331669050453
5.0,0.5,8.0,0.37000000000000005,1.0,0.8913591052803186
5.0,0.5,8.0,0.38000000000000006,1.0,0.8926907521928573
5.0,0.5,8.0,0.39000000000000007,1.0,0.8944743271114982
5.0,0.5,8.0,0.4000000000000001,1.0,0.8983257425952568
5.0,0.5,8.0,0.4100000000000001,1.0,0.9009848600514913
5.0,0.5,8.0,0.42000000000000004,1.0,0.9022888327479155
5.0,0.5,8.0,0.43000000000000005,1.0,0.9081024307914976
5.0,0.5,8.0,0.44000000000000006,1.0,0.9071780785203204
5.0,0.5,8.0,0.45000000000000007,1.0,0.9087051520299929
5.0,0.5,8.0,0.4600000000000001,1.0,0.9131403081865207
5.0,0.5,8.0,0.4700000000000001,1.0,0.9147631038259618
5.0,0.5,8.0,0.4800000000000001,1.0,0.9160851297410191
5.0,0.5,8.0,0.49000000000000005,1.0,0.9214033042599219
5.0,0.5,8.0,0.5000000000000001,1.0,0.9180528464676415
5.0,0.5,10.0,0.05,1.0,0.4568858040630259
5.0,0.5,10.0,0.060000000000000005,1.0,0.6187373984163412
5.0,0.5,10.0,0.07,1.0,0.6383636059056957
5.0,0.5,10.0,0.08000000000000002,1.0,0.7023706248745509
5.0,0.5,10.0,0.09000000000000001,1.0,0.6358612040738034
5.0,0.5,10.0,0.1,1.0,0.5749779599007104
5.0,0.5,10.0,0.11000000000000001,1.0,0.6305646681538909
5.0,0.5,10.0,0.12000000000000001,1.0,0.5386509633234259
5.0,0.5,10.0,0.13,1.0,0.6060596540777726
5.0,0.5,10.0,0.14,1.0,0.7683029797877773
5.0,0.5,10.0,0.15000000000000002,1.0,0.7974876430148248
5.0,0.5,10.0,0.16000000000000003,1.0,0.8024138054802247
5.0,0.5,10.0,0.17000000000000004,1.0,0.7991997004231969
5.0,0.5,10.0,0.18000000000000005,1.0,0.8296805954405441
5.0,0.5,10.0,0.19,1.0,0.7900012779023075
5.0,0.5,10.0,0.2,1.0,0.7953078995978519
5.0,0.5,10.0,0.21000000000000002,1.0,0.803246528986247
5.0,0.5,10.0,0.22000000000000003,1.0,0.8156480489746776
5.0,0.5,10.0,0.23000000000000004,1.0,0.8293737964358391
5.0,0.5,10.0,0.24000000000000005,1.0,0.8368877856518823
5.0,0.5,10.0,0.25000000000000006,1.0,0.8436781075758363
5.0,0.5,10.0,0.26000000000000006,1.0,0.8508059252480712
5.0,0.5,10.0,0.27,1.0,0.8563774695449085
5.0,0.5,10.0,0.28,1.0,0.8619312664020614
5.0,0.5,10.0,0.29000000000000004,1.0,0.8683497036923066
5.0,0.5,10.0,0.30000000000000004,1.0,0.8718871248263382
5.0,0.5,10.0,0.31000000000000005,1.0,0.8760967167233479
5.0,0.5,10.0,0.32000000000000006,1.0,0.8815920952128264
5.0,0.5,10.0,0.33,1.0,0.8860492180098537
5.0,0.5,10.0,0.34,1.0,0.8896630616254542
5.0,0.5,10.0,0.35000000000000003,1.0,0.8925938027581298
5.0,0.5,10.0,0.36000000000000004,1.0,0.8967956640209903
5.0,0.5,10.0,0.37000000000000005,1.0,0.9001398295646181
5.0,0.5,10.0,0.38000000000000006,1.0,0.901772141022902
5.0,0.5,10.0,0.39000000000000007,1.0,0.9060453479241145
5.0,0.5,10.0,0.4000000000000001,1.0,0.9071050219590392
5.0,0.5,10.0,0.4100000000000001,1.0,0.9086187913785887
5.0,0.5,10.0,0.42000000000000004,1.0,0.911977563718954
5.0,0.5,10.0,0.43000000000000005,1.0,0.9133322239151104
5.0,0.5,10.0,0.44000000000000006,1.0,0.9157188104796713
5.0,0.5,10.0,0.45000000000000007,1.0,0.9186047494468087
5.0,0.5,10.0,0.4600000000000001,1.0,0.9206883732546741
5.0,0.5,10.0,0.4700000000000001,1.0,0.9225279461714386
5.0,0.5,10.0,0.4800000000000001,1.0,0.9227748484293056
5.0,0.5,10.0,0.49000000000000005,1.0,0.925533091129421
5.0,0.5,10.0,0.5000000000000001,1.0,0.9290148314440962
15.0,1.0,5.0,0.05,0.0,0.0
15.0,1.0,5.0,0.060000000000000005,0.0,0.0
15.0,1.0,5.0,0.07,0.0,0.0
15.0,1.0,5.0,0.08000000000000002,0.0,0.0
15.0,1.0,5.0,0.09000000000000001,0.0,0.0
15.0,1.0,5.0,0.1,0.0,0.0
15.0,1.0,5.0,0.11000000000000001,0.0,0.0
15.0,1.0,5.0,0.12000000000000001,0.0,0.0
15.0,1.0,5.0,0.13,0.0,0.0
15.0,1.0,5.0,0.14,0.0,0.0
15.0,1.0,5.0,0.15000000000000002,0.0,0.0
15.0,1.0,5.0,0.16000000000000003,0.0,0.0
15.0,1.0,5.0,0.17000000000000004,0.0,0.0
15.0,1.0,5.0,0.18000000000000005,0.0,0.0
15.0,1.0,5.0,0.19,0.0,0.0
15.0,1.0,5.0,0.2,0.0,0.0
15.0,1.0,5.0,0.21000000000000002,0.0,0.0
15.0,1.0,5.0,0.22000000000000003,0.0,0.0
15.0,1.0,5.0,0.23000000000000004,0.0,0.0
15.0,1.0,5.0,0.24000000000000005,0.0,0.0
15.0,1.0,5.0,0.25000000000000006,0.0,0.0
15.0,1.0,5.0,0.26000000000000006,0.0,0.0
15.0,1.0,5.0,0.27,0.0,0.0
15.0,1.0,5.0,0.28,0.0,0.0
15.0,1.0,5.0,0.29000000000000004,0.0,0.0
15.0,1.0,5.0,0.30000000000000004,0.0,0.0
15.0,1.0,5.0,0.31000000000000005,0.0,0.0
15.0,1.0,5.0,0.32000000000000006,0.0,0.0
15.0,1.0,5.0,0.33,0.0,0.0
15.0,1.0,5.0,0.34,0.0,0.0
15.0,1.0,5.0,0.35000000000000003,0.0,0.0
15.0,1.0,5.0,0.36000000000000004,0.0,0.0
15.0,1.0,5.0,0.37000000000000005,0.0,0.0
15.0,1.0,5.0,0.38000000000000006,0.0,0.0
15.0,1.0,5.0,0.39000000000000007,0.0,0.0
15.0,1.0,5.0,0.4000000000000001,0.0,0.0
15.0,1.0,5.0,0.4100000000000001,0.0,0.0
15.0,1.0,5.0,0.42000000000000004,0.0,0.0
15.0,1.0,5.0,0.43000000000000005,0.0,0.0
15.0,1.0,5.0,0.44000000000000006,0.0,0.0
15.0,1.0,5.0,0.45000000000000007,0.0,0.0
15.0,1.0,5.0,0.4600000000000001,0.0,0.0
15.0,1.0,5.0,0.4700000000000001,0.0,0.0
15.0,1.0,5.0,0.4800000000000001,0.0,0.0
15.0,1.0,5.0,0.49000000000000005,0.0,0.0
15.0,1.0,5.0,0.5000000000000001,0.0,0.0
15.0,1.0,8.0,0.05,0.0,0.0
15.0,1.0,8.0,0.060000000000000005,0.0,0.0
15.0,1.0,8.0,0.07,0.0,0.0
15.0,1.0,8.0,0.08000000000000002,0.0,0.0
15.0,1.0,8.0,0.09000000000000001,0.0,0.0
15.0,1.0,8.0,0.1,0.0,0.0
15.0,1.0,8.0,0.11000000000000001,0.0,0.0
15.0,1.0,8.0,0.12000000000000001,0.0,0.0
15.0,1.0,8.0,0.13,0.0,0.0
15.0,1.0,8.0,0.14,0.0,0.0
15.0,1.0,8.0,0.15000000000000002,0.0,0.0
15.0,1.0,8.0,0.16000000000000003,0.0,0.0
15.0,1.0,8.0,0.17000000000000004,0.0,0.0
15.0,1.0,8.0,0.18000000000000005,0.0,0.0
15.0,1.0,8.0,0.19,0.0,0.0
15.0,1.0,8.0,0.2,0.0,0.0
15.0,1.0,8.0,0.21000000000000002,0.0,0.0
15.0,1.0,8.0,0.22000000000000003,0.0,0.0
15.0,1.0,8.0,0.23000000000000004,0.0,0.0
15.0,1.0,8.0,0.24000000000000005,0.0,0.0
15.0,1.0,8.0,0.25000000000000006,0.0,0.0
15.0,1.0,8.0,0.26000000000000006,0.0,0.0
15.0,1.0,8.0,0.27,0.0,0.0
15.0,1.0,8.0,0.28,0.0,0.0
15.0,1.0,8.0,0.29000000000000004,0.3333333333333333,0.33042867393126196
15.0,1.0,8.0,0.30000000000000004,0.0,0.0
15.0,1.0,8.0,0.31000000000000005,0.6666666666666666,0.5851508888748267
15.0,1.0,8.0,0.32000000000000006,0.0,0.0
15.0,1.0,8.0,0.33,0.0,0.0
15.0,1.0,8.0,0.34,0.3333333333333333,0.33132588065558005
15.0,1.0,8.0,0.35000000000000003,0.3333333333333333,0.32980240479128803
15.0,1.0,8.0,0.36000000000000004,0.3333333333333333,0.2056340242656288
15.0,1.0,8.0,0.37000000000000005,0.6666666666666666,0.331789393325669
15.0,1.0,8.0,0.38000000000000006,0.6666666666666666,0.442664459399664
15.0,1.0,8.0,0.39000000000000007,0.6666666666666666,0.6147381056833027
15.0,1.0,8.0,0.4000000000000001,1.0,0.8060022355218827
15.0,1.0,8.0,0.4100000000000001,1.0,0.8850171789283628
15.0,1.0,8.0,0.42000000000000004,1.0,0.9920195884133506
15.0,1.0,8.0,0.43000000000000005,1.0,0.6751851545068585
15.0,1.0,8.0,0.44000000000000006,1.0,0.6167429467270426
15.0,1.0,8.0,0.45000000000000007,1.0,0.9923860803801396
15.0,1.0,8.0,0.4600000000000001,1.0,0.900172367859121
15.0,1.0,8.0,0.4700000000000001,1.0,0.9054818405365525
15.0,1.0,8.0,0.4800000000000001,1.0,0.7431801596405605
15.0,1.0,8.0,0.49000000000000005,1.0,0.521532483225195
15.0,1.0,8.0,0.5000000000000001,1.0,0.7547893697537473
15.0,1.0,10.0,0.05,0.0,0.0
15.0,1.0,10.0,0.060000000000000005,1.0,0.6645090538359432
15.0,1.0,10.0,0.07,1.0,0.8077927491818966
15.0,1.0,10.0,0.08000000000000002,1.0,0.887004164376522
15.0,1.0,10.0,0.09000000000000001,1.0,0.89381068229765
15.0,1.0,10.0,0.1,1.0,0.9024161313763134
15.0,1.0,10.0,0.11000000000000001,1.0,0.9320542912824222
15.0,1.0,10.0,0.12000000000000001,1.0,0.9278934124499711
15.0,1.0,10.0,0.13,1.0,0.9365223468268603
15.0,1.0,10.0,0.14,1.0,0.9416843589443266
15.0,1.0,10.0,0.15000000000000002,1.0,0.9198330981809689
15.0,1.0,10.0,0.16000000000000003,1.0,0.9409935876220347
15.0,1.0,10.0,0.17000000000000004,1.0,0.9387471653921634
15.0,1.0,10.0,0.18000000000000005,1.0,0.9479773321744874
15.0,1.0,10.0,0.19,1.0,0.9272523686430617
15.0,1.0,10.0,0.2,1.0,0.9417448739165902
15.0,1.0,10.0,0.21000000000000002,1.0,0.9216612646784942
15.0,1.0,10.0,0.22000000000000003,1.0,0.938178740470566
15.0,1.0,10.0,0.23000000000000004,1.0,0.9703935052519336
15.0,1.0,10.0,0.24000000000000005,1.0,0.970219175053518
15.0,1.0,10.0,0.25000000000000006,1.0,0.9662937930597768
15.0,1.0,10.0,0.26000000000000006,1.0,0.9693368521046911
15.0,1.0,10.0,0.27,1.0,0.9575299775741275
15.0,1.0,10.0,0.28,1.0,0.9707527629456397
15.0,1.0,10.0,0.29000000000000004,1.0,0.9729986977223359
15.0,1.0,10.0,0.30000000000000004,1.0,0.9772995617213018
15.0,1.0,10.0,0.31000000000000005,1.0,0.9714209385231326
15.0,1.0,10.0,0.32000000000000006,1.0,0.9729504429503871
15.0,1.0,10.0,0.33,1.0,0.9772928820888783
15.0,1.0,10.0,0.34,1.0,0.9733207590825272
15.0,1.0,10.0,0.35000000000000003,1.0,0.9754991827190252
15.0,1.0,10.0,0.36000000000000004,1.0,0.9671028227190606
15.0,1.0,10.0,0.37000000000000005,1.0,0.9685855823822985
15.0,1.0,10.0,0.38000000000000006,1.0,0.9741794190613726
15.0,1.0,10.0,0.39000000000000007,1.0,0.961519882630527
15.0,1.0,10.0,0.4000000000000001,1.0,0.9796122326169766
15.0,1.0,10.0,0.4100000000000001,1.0,0.9615262826468337
15.0,1.0,10.0,0.42000000000000004,1.0,0.9708755057972672
15.0,1.0,10.0,0.43000000000000005,1.0,0.9826695996976814
15.0,1.0,10.0,0.44000000000000006,1.0,0.9661561947021061
15.0,1.0,10.0,0.45000000000000007,1.0,0.9832605420730687
15.0,1.0,10.0,0.4600000000000001,1.0,0.9720986898922247
15.0,1.0,10.0,0.4700000000000001,1.0,0.9854286854911151
15.0,1.0,10.0,0.4800000000000001,1.0,0.9851242756216299
15.0,1.0,10.0,0.49000000000000005,1.0,0.9852441243955202
15.0,1.0,10.0,0.5000000000000001,1.0,0.9833731935589783
10.0,1.0,5.0,0.05,1.0,0.29417683723344906
10.0,1.0,5.0,0.060000000000000005,1.0,0.37633047194783403
10.0,1.0,5.0,0.07,1.0,0.4354386396637892
10.0,1.0,5.0,0.08000000000000002,1.0,0.5060396150129652
10.0,1.0,5.0,0.09000000000000001,1.0,0.5238804543924046
10.0,1.0,5.0,0.1,1.0,0.5718548477178319
10.0,1.0,5.0,0.11000000000000001,1.0,0.5853323706702425
10.0,1.0,5.0,0.12000000000000001,1.0,0.6116331267040611
10.0,1.0,5.0,0.13,1.0,0.6231061650788615
10.0,1.0,5.0,0.14,1.0,0.6736743848064801
10.0,1.0,5.0,0.15000000000000002,1.0,0.6990951641969815
10.0,1.0,5.0,0.16000000000000003,1.0,0.689308841243072
10.0,1.0,5.0,0.17000000000000004,1.0,0.7276693168342567
10.0,1.0,5.0,0.18000000000000005,1.0,0.7322990268488502
10.0,1.0,5.0,0.19,1.0,0.744779843175702
10.0,1.0,5.0,0.2,1.0,0.7768905064928653
10.0,1.0,5.0,0.21000000000000002,1.0,0.7399032753724546
10.0,1.0,5.0,0.22000000000000003,1.0,0.7501012726589713
10.0,1.0,5.0,0.23000000000000004,1.0,0.7987581816726909
10.0,1.0,5.0,0.24000000000000005,1.0,0.7603596611582678
10.0,1.0,5.0,0.25000000000000006,1.0,0.7788009771610617
10.0,1.0,5.0,0.26000000000000006,1.0,0.8066709529586364
10.0,1.0,5.0,0.27,1.0,0.8243605550428533
10.0,1.0,5.0,0.28,1.0,0.8439723692394331
10.0,1.0,5.0,0.29000000000000004,1.0,0.8354708565637207
10.0,1.0,5.0,0.30000000000000004,1.0,0.8173412042218192
10.0,1.0,5.0,0.31000000000000005,1.0,0.8591210672920981
10.0,1.0,5.0,0.32000000000000006,1.0,0.8505856710895029
10.0,1.0,5.0,0.33,1.0,0.8685123711872884
10.0,1.0,5.0,0.34,1.0,0.829724782450847
10.0,1.0,5.0,0.35000000000000003,1.0,0.8696366396886185
10.0,1.0,5.0,0.36000000000000004,1.0,0.8615744065641842
10.0,1.0,5.0,0.37000000000000005,1.0,0.8711436176398862
10.0,1.0,5.0,0.38000000000000006,1.0,0.8782954195667817
10.0,1.0,5.0,0.39000000000000007,1.0,0.8903637536860991
10.0,1.0,5.0,0.4000000000000001,1.0,0.8490265532873688
10.0,1.0,5.0,0.4100000000000001,1.0,0.8846259628526689
10.0,1.0,5.0,0.42000000000000004,1.0,0.8804510401743277
10.0,1.0,5.0,0.43000000000000005,1.0,0.8407966427187571
10.0,1.0,5.0,0.44000000000000006,1.0,0.881705203735749
10.0,1.0,5.0,0.45000000000000007,1.0,0.882661085734934
10.0,1.0,5.0,0.4600000000000001,1.0,0.8551159721301173
10.0,1.0,5.0,0.4700000000000001,1.0,0.8584612846176488
10.0,1.0,5.0,0.4800000000000001,1.0,0.8893749021481764
10.0,1.0,5.0,0.49000000000000005,1.0,0.8846242031414325
10.0,1.0,5.0,0.5000000000000001,1.0,0.8621567136532636
10.0,1.0,8.0,0.05,1.0,0.47026890461571086
10.0,1.0,8.0,0.060000000000000005,1.0,0.7810425892801213
10.0,1.0,8.0,0.07,1.0,0.5834295614971212
10.0,1.0,8.0,0.08000000000000002,1.0,0.6220911089425923
10.0,1.0,8.0,0.09000000000000001,1.0,0.6543105537094336
10.0,1.0,8.0,0.1,1.0,0.6824319392235171
10.0,1.0,8.0,0.11000000000000001,1.0,0.7049395722704886
10.0,1.0,8.0,0.12000000000000001,1.0,0.5652322579630482
10.0,1.0,8.0,0.13,1.0,0.5799740176206937
10.0,1.0,8.0,0.14,1.0,0.5556160567808508
10.0,1.0,8.0,0.15000000000000002,1.0,0.5701397055243849
10.0,1.0,8.0,0.16000000000000003,1.0,0.6260388844523863
10.0,1.0,8.0,0.17000000000000004,1.0,0.6439699490867739
10.0,1.0,8.0,0.18000000000000005,1.0,0.6656403595222802
10.0,1.0,8.0,0.19,1.0,0.6841673278222279
10.0,1.0,8.0,0.2,1.0,0.6848737297867421
10.0,1.0,8.0,0.21000000000000002,1.0,0.7149379866768039
10.0,1.0,8.0,0.22000000000000003,1.0,0.7270526783913489
10.0,1.0,8.0,0.23000000000000004,1.0,0.7377205255807188
10.0,1.0,8.0,0.24000000000000005,1.0,0.7449599349868846
10.0,1.0,8.0,0.25000000000000006,1.0,0.7557112131144628
10.0,1.0,8.0,0.26000000000000006,1.0,0.7656275369941673
10.0,1.0,8.0,0.27,1.0,0.776956825650902
10.0,1.0,8.0,0.28,1.0,0.7804859979059704
10.0,1.0,8.0,0.29000000000000004,1.0,0.7922007443467205
10.0,1.0,8.0,0.30000000000000004,1.0,0.7949744763031136
10.0,1.0,8.0,0.31000000000000005,1.0,0.8050159737556241
10.0,1.0,8.0,0.32000000000000006,1.0,0.8091419356290253
10.0,1.0,8.0,0.33,1.0,0.8160908133739871
10.0,1.0,8.0,0.34,1.0,0.8195928933628048
10.0,1.0,8.0,0.35000000000000003,1.0,0.8246246690957465
10.0,1.0,8.0,0.36000000000000004,1.0,0.8352653431580185
10.0,1.0,8.0,0.37000000000000005,1.0,0.838346719441858
10.0,1.0,8.0,0.38000000000000006,1.0,0.8494452887019097
10.0,1.0,8.0,0.39000000000000007,1.0,0.8506003576647879
10.0,1.0,8.0,0.4000000000000001,1.0,0.8481356596024252
10.0,1.0,8.0,0.4100000000000001,1.0,0.856370615382275
10.0,1.0,8.0,0.42000000000000004,1.0,0.8615245234744862
10.0,1.0,8.0,0.43000000000000005,1.0,0.8667908159129768
10.0,1.0,8.0,0.44000000000000006,1.0,0.8715225919484926
10.0,1.0,8.0,0.45000000000000007,1.0,0.8794452417646278
10.0,1.0,8.0,0.4600000000000001,1.0,0.8740752061698173
10.0,1.0,8.0,0.4700000000000001,1.0,0.8768068512437578
10.0,1.0,8.0,0.4800000000000001,1.0,0.8894432445362325
10.0,1.0,8.0,0.49000000000000005,1.0,0.8859155899310783
10.0,1.0,8.0,0.5000000000000001,1.0,0.8886690399186309
10.0,1.0,10.0,0.05,1.0,0.8095986662603072
10.0,1.0,10.0,0.060000000000000005,1.0,0.8379811439897747
10.0,1.0,10.0,0.07,1.0,0.62199593857831
10.0,1.0,10.0,0.08000000000000002,1.0,0.6570633239268279
10.0,1.0,10.0,0.09000000000000001,1.0,0.6912077212409858
10.0,1.0,10.0,0.1,1.0,0.715960597074092
10.0,1.0,10.0,0.11000000000000001,1.0,0.7371936371745224
10.0,1.0,10.0,0.12000000000000001,1.0,0.6934662750992945
10.0,1.0,10.0,0.13,1.0,0.6950223898958914
10.0,1.0,10.0,0.14,1.0,0.7233576717544176
10.0,1.0,10.0,0.15000000000000002,1.0,0.7382911683019998
10.0,1.0,10.0,0.16000000000000003,1.0,0.748599240628334
10.0,1.0,10.0,0.17000000000000004,1.0,0.741067385239517
10.0,1.0,10.0,0.18000000000000005,1.0,0.7658818120475176
10.0,1.0,10.0,0.19,1.0,0.774775459787476
10.0,1.0,10.0,0.2,1.0,0.7798487915016201
10.0,1.0,10.0,0.21000000000000002,1.0,0.7893654507898051
10.0,1.0,10.0,0.22000000000000003,1.0,0.8125577109188807
10.0,1.0,10.0,0.23000000000000004,1.0,0.8199865787777307
10.0,1.0,10.0,0.24000000000000005,1.0,0.8283529662082176
10.0,1.0,10.0,0.25000000000000006,1.0,0.8432207793701729
10.0,1.0,10.0,0.26000000000000006,1.0,0.8485206121883265
10.0,1.0,10.0,0.27,1.0,0.8550004980057676
10.0,1.0,10.0,0.28,1.0,0.859816396880201
10.0,1.0,10.0,0.29000000000000004,1.0,0.863849731029991
10.0,1.0,10.0,0.30000000000000004,1.0,0.8687546765513723
10.0,1.0,10.0,0.31000000000000005,1.0,0.8714506299674155
10.0,1.0,10.0,0.32000000000000006,1.0,0.8776334307872125
10.0,1.0,10.0,0.33,1.0,0.8794386072634585
10.0,1.0,10.0,0.34,1.0,0.8866912347042636
10.0,1.0,10.0,0.35000000000000003,1.0,0.8867978868759162
10.0,1.0,10.0,0.36000000000000004,1.0,0.8915968273955953
10.0,1.0,10.0,0.37000000000000005,1.0,0.8945573968368095
10.0,1.0,10.0,0.38000000000000006,1.0,0.8976913580144159
10.0,1.0,10.0,0.39000000000000007,1.0,0.8998090367676878
10.0,1.0,10.0,0.4000000000000001,1.0,0.9026704716394881
10.0,1.0,10.0,0.4100000000000001,1.0,0.9062803571684719
10.0,1.0,10.0,0.42000000000000004,1.0,0.9060010037822418
10.0,1.0,10.0,0.43000000000000005,1.0,0.9093314686707198
10.0,1.0,10.0,0.44000000000000006,1.0,0.912492292315294
10.0,1.0,10.0,0.45000000000000007,1.0,0.9131615983796606
10.0,1.0,10.0,0.4600000000000001,1.0,0.9173487480703432
10.0,1.0,10.0,0.4700000000000001,1.0,0.9185861994694028
10.0,1.0,10.0,0.4800000000000001,1.0,0.9194779310409761
10.0,1.0,10.0,0.49000000000000005,1.0,0.921833051385533
10.0,1.0,10.0,0.5000000000000001,1.0,0.9199187229108504
5.0,1.0,5.0,0.05,1.0,0.1313475049296327
5.0,1.0,5.0,0.060000000000000005,1.0,0.16994963889556855
5.0,1.0,5.0,0.07,1.0,0.1523355042744106
5.0,1.0,5.0,0.08000000000000002,1.0,0.2245027394853393
5.0,1.0,5.0,0.09000000000000001,1.0,0.32235930253935446
5.0,1.0,5.0,0.1,1.0,0.39463713613473966
5.0,1.0,5.0,0.11000000000000001,1.0,0.3838536961862716
5.0,1.0,5.0,0.12000000000000001,1.0,0.42765905843415414
5.0,1.0,5.0,0.13,1.0,0.5190773753450518
5.0,1.0,5.0,0.14,1.0,0.5126433849772971
5.0,1.0,5.0,0.15000000000000002,1.0,0.5037780610873596
5.0,1.0,5.0,0.16000000000000003,1.0,0.5334831227858041
5.0,1.0,5.0,0.17000000000000004,1.0,0.5649604618201102
5.0,1.0,5.0,0.18000000000000005,1.0,0.6089068697012757
5.0,1.0,5.0,0.19,1.0,0.5876911494299429
5.0,1.0,5.0,0.2,1.0,0.6263343729851917
5.0,1.0,5.0,0.21000000000000002,1.0,0.6363661886630901
5.0,1.0,5.0,0.22000000000000003,1.0,0.6411006923887802
5.0,1.0,5.0,0.23000000000000004,1.0,0.6555372495130056
5.0,1.0,5.0,0.24000000000000005,1.0,0.656231484236579
5.0,1.0,5.0,0.25000000000000006,1.0,0.6727719863642824
5.0,1.0,5.0,0.26000000000000006,1.0,0.6819627041562519
5.0,1.0,5.0,0.27,1.0,0.6992573693148794
5.0,1.0,5.0,0.28,1.0,0.7076936447091291
5.0,1.0,5.0,0.29000000000000004,1.0,0.7193715547948719
5.0,1.0,5.0,0.30000000000000004,1.0,0.7411794263513579
5.0,1.0,5.0,0.31000000000000005,1.0,0.7536457375582404
5.0,1.0,5.0,0.32000000000000006,1.0,0.7592105823299259
5.0,1.0,5.0,0.33,1.0,0.7657092640504787
5.0,1.0,5.0,0.34,1.0,0.7760523576933974
5.0,1.0,5.0,0.35000000000000003,1.0,0.7864843393093041
5.0,1.0,5.0,0.36000000000000004,1.0,0.788423002748274
5.0,1.0,5.0,0.37000000000000005,1.0,0.7976123114074624
5.0,1.0,5.0,0.38000000000000006,1.0,0.8038134366277078
5.0,1.0,5.0,0.39000000000000007,1.0,0.8108787620860086
5.0,1.0,5.0,0.4000000000000001,1.0,0.8128108043082753
5.0,1.0,5.0,0.4100000000000001,1.0,0.8107330982535647
5.0,1.0,5.0,0.42000000000000004,1.0,0.8207148482930747
5.0,1.0,5.0,0.43000000000000005,1.0,0.820406326396002
5.0,1.0,5.0,0.44000000000000006,1.0,0.8283543268879853
5.0,1.0,5.0,0.45000000000000007,1.0,0.833076481572187
5.0,1.0,5.0,0.4600000000000001,1.0,0.8370557192773277
5.0,1.0,5.0,0.4700000000000001,1.0,0.8364124180754181
5.0,1.0,5.0,0.4800000000000001,1.0,0.8424579951858004
5.0,1.0,5.0,0.49000000000000005,1.0,0.8505606309290048
5.0,1.0,5.0,0.5000000000000001,1.0,0.8533697411567117
5.0,1.0,8.0,0.05,1.0,0.31687851252963567
5.0,1.0,8.0,0.060000000000000005,1.0,0.3870978175193957
5.0,1.0,8.0,0.07,1.0,0.34629291674989143
5.0,1.0,8.0,0.08000000000000002,1.0,0.4069147966613305
5.0,1.0,8.0,0.09000000000000001,1.0,0.54940383108997
5.0,1.0,8.0,0.1,1.0,0.5671400296273662
5.0,1.0,8.0,0.11000000000000001,1.0,0.6030125240999945
5.0,1.0,8.0,0.12000000000000001,1.0,0.6164898257444639
5.0,1.0,8.0,0.13,1.0,0.6610588123069115
5.0,1.0,8.0,0.14,1.0,0.6137045504761076
5.0,1.0,8.0,0.15000000000000002,1.0,0.6960575938238337
5.0,1.0,8.0,0.16000000000000003,1.0,0.7232400847605286
5.0,1.0,8.0,0.17000000000000004,1.0,0.730911183073062
5.0,1.0,8.0,0.18000000000000005,1.0,0.7148622328467725
5.0,1.0,8.0,0.19,1.0,0.7386855336423969
5.0,1.0,8.0,0.2,1.0,0.7346981279178083
5.0,1.0,8.0,0.21000000000000002,1.0,0.7583659544854869
5.0,1.0,8.0,0.22000000000000003,1.0,0.7710272478623145
5.0,1.0,8.0,0.23000000000000004,1.0,0.7595819577025166
5.0,1.0,8.0,0.24000000000000005,1.0,0.7718999852549112
5.0,1.0,8.0,0.25000000000000006,1.0,0.7805597718068699
5.0,1.0,8.0,0.26000000000000006,1.0,0.7685710197629211
5.0,1.0,8.0,0.27,1.0,0.793696289386134
5.0,1.0,8.0,0.28,1.0,0.8088158377975332
5.0,1.0,8.0,0.29000000000000004,1.0,0.8095339893947812
5.0,1.0,8.0,0.30000000000000004,1.0,0.8262200766641469
5.0,1.0,8.0,0.31000000000000005,1.0,0.8167833746884744
5.0,1.0,8.0,0.32000000000000006,1.0,0.8267777110038367
5.0,1.0,8.0,0.33,1.0,0.8379026435902404
5.0,1.0,8.0,0.34,1.0,0.8280700698139659
5.0,1.0,8.0,0.35000000000000003,1.0,0.8394173475731842
5.0,1.0,8.0,0.36000000000000004,1.0,0.8371770654422175
5.0,1.0,8.0,0.37000000000000005,1.0,0.8373957323334581
5.0,1.0,8.0,0.38000000000000006,1.0,0.8469496253314303
5.0,1.0,8.0,0.39000000000000007,1.0,0.8563969041985221
5.0,1.0,8.0,0.4000000000000001,1.0,0.8534115482695169
5.0,1.0,8.0,0.4100000000000001,1.0,0.860992510421306
5.0,1.0,8.0,0.42000000000000004,1.0,0.8638637066113564
5.0,1.0,8.0,0.43000000000000005,1.0,0.8724916093162126
5.0,1.0,8.0,0.44000000000000006,1.0,0.8717162987910824
5.0,1.0,8.0,0.45000000000000007,1.0,0.8732291132305687
5.0,1.0,8.0,0.4600000000000001,1.0,0.8815525731186096
5.0,1.0,8.0,0.4700000000000001,1.0,0.885209648518888
5.0,1.0,8.0,0.4800000000000001,1.0,0.8865665748479344
5.0,1.0,8.0,0.49000000000000005,1.0,0.8882757289231386
5.0,1.0,8.0,0.5000000000000001,1.0,0.8882372063973437
5.0,1.0,10.0,0.05,1.0,0.44118448595057386
5.0,1.0,10.0,0.060000000000000005,1.0,0.46012486593852037
5.0,1.0,10.0,0.07,1.0,0.4751728225623279
5.0,1.0,10.0,0.08000000000000002,1.0,0.5060755058518743
5.0,1.0,10.0,0.09000000000000001,1.0,0.6088822976794506
5.0,1.0,10.0,0.1,1.0,0.607893817850805
5.0,1.0,10.0,0.11000000000000001,1.0,0.6568772859514672
5.0,1.0,10.0,0.12000000000000001,1.0,0.7017711140764499
5.0,1.0,10.0,0.13,1.0,0.6499522838258299
5.0,1.0,10.0,0.14,1.0,0.6675593093814466
5.0,1.0,10.0,0.15000000000000002,1.0,0.7158527690293589
5.0,1.0,10.0,0.16000000000000003,1.0,0.7306126503152983
5.0,1.0,10.0,0.17000000000000004,1.0,0.7439169681616239
5.0,1.0,10.0,0.18000000000000005,1.0,0.8000864309667012
5.0,1.0,10.0,0.19,1.0,0.7837228798200759
5.0,1.0,10.0,0.2,1.0,0.7846298995701292
5.0,1.0,10.0,0.21000000000000002,1.0,0.7836301585490842
5.0,1.0,10.0,0.22000000000000003,1.0,0.8018570365844342
5.0,1.0,10.0,0.23000000000000004,1.0,0.788721358771434
5.0,1.0,10.0,0.24000000000000005,1.0,0.8179018003427766
5.0,1.0,10.0,0.25000000000000006,1.0,0.8063477858440531
5.0,1.0,10.0,0.26000000000000006,1.0,0.8267254943881127
5.0,1.0,10.0,0.27,1.0,0.8301051313076586
5.0,1.0,10.0,0.28,1.0,0.8210788455250659
5.0,1.0,10.0,0.29000000000000004,1.0,0.8135131054787871
5.0,1.0,10.0,0.30000000000000004,1.0,0.8374468796543401
5.0,1.0,10.0,0.31000000000000005,1.0,0.8354211326435813
5.0,1.0,10.0,0.32000000000000006,1.0,0.8269120826214659
5.0,1.0,10.0,0.33,1.0,0.8396696421552864
5.0,1.0,10.0,0.34,1.0,0.8572592464216028
5.0,1.0,10.0,0.35000000000000003,1.0,0.8411958658932918
5.0,1.0,10.0,0.36000000000000004,1.0,0.83617417879883
5.0,1.0,10.0,0.37000000000000005,1.0,0.8563517855850487
5.0,1.0,10.0,0.38000000000000006,1.0,0.8538047643570792
5.0,1.0,10.0,0.39000000000000007,1.0,0.8509306760502523
5.0,1.0,10.0,0.4000000000000001,1.0,0.8540050623903953
5.0,1.0,10.0,0.4100000000000001,1.0,0.8689692672163302
5.0,1.0,10.0,0.42000000000000004,1.0,0.8619984858343672
5.0,1.0,10.0,0.43000000000000005,1.0,0.8734440908749638
5.0,1.0,10.0,0.44000000000000006,1.0,0.8760325044775886
5.0,1.0,10.0,0.45000000000000007,1.0,0.8764214033259027
5.0,1.0,10.0,0.4600000000000001,1.0,0.8800879302286932
5.0,1.0,10.0,0.4700000000000001,1.0,0.8872268750782485
5.0,1.0,10.0,0.4800000000000001,1.0,0.8845552514539022
5.0,1.0,10.0,0.49000000000000005,1.0,0.8900484066763586
5.0,1.0,10.0,0.5000000000000001,1.0,0.8980443161678249
15.0,1.5,5.0,0.05,0.0,0.0
15.0,1.5,5.0,0.060000000000000005,0.0,0.0
15.0,1.5,5.0,0.07,0.0,0.0
15.0,1.5,5.0,0.08000000000000002,0.0,0.0
15.0,1.5,5.0,0.09000000000000001,0.0,0.0
15.0,1.5,5.0,0.1,0.0,0.0
15.0,1.5,5.0,0.11000000000000001,0.0,0.0
15.0,1.5,5.0,0.12000000000000001,0.0,0.0
15.0,1.5,5.0,0.13,0.0,0.0
15.0,1.5,5.0,0.14,0.0,0.0
15.0,1.5,5.0,0.15000000000000002,0.0,0.0
15.0,1.5,5.0,0.16000000000000003,0.0,0.0
15.0,1.5,5.0,0.17000000000000004,0.0,0.0
15.0,1.5,5.0,0.18000000000000005,0.0,0.0
15.0,1.5,5.0,0.19,0.0,0.0
15.0,1.5,5.0,0.2,0.0,0.0
15.0,1.5,5.0,0.21000000000000002,0.0,0.0
15.0,1.5,5.0,0.22000000000000003,0.0,0.0
15.0,1.5,5.0,0.23000000000000004,0.0,0.0
15.0,1.5,5.0,0.24000000000000005,0.0,0.0
15.0,1.5,5.0,0.25000000000000006,0.0,0.0
15.0,1.5,5.0,0.26000000000000006,0.0,0.0
15.0,1.5,5.0,0.27,0.0,0.0
15.0,1.5,5.0,0.28,0.0,0.0
15.0,1.5,5.0,0.29000000000000004,0.0,0.0
15.0,1.5,5.0,0.30000000000000004,0.0,0.0
15.0,1.5,5.0,0.31000000000000005,0.0,0.0
15.0,1.5,5.0,0.32000000000000006,0.0,0.0
15.0,1.5,5.0,0.33,0.0,0.0
15.0,1.5,5.0,0.34,0.0,0.0
15.0,1.5,5.0,0.35000000000000003,0.0,0.0
15.0,1.5,5.0,0.36000000000000004,0.0,0.0
15.0,1.5,5.0,0.37000000000000005,0.0,0.0
15.0,1.5,5.0,0.38000000000000006,0.0,0.0
15.0,1.5,5.0,0.39000000000000007,0.0,0.0
15.0,1.5,5.0,0.4000000000000001,0.3333333333333333,0.3296468493643444
15.0,1.5,5.0,0.4100000000000001,0.0,0.0
15.0,1.5,5.0,0.42000000000000004,0.3333333333333333,0.32145126234473026
15.0,1.5,5.0,0.43000000000000005,0.0,0.0
15.0,1.5,5.0,0.44000000000000006,0.0,0.0
15.0,1.5,5.0,0.45000000000000007,0.0,0.0
15.0,1.5,5.0,0.4600000000000001,0.0,0.0
15.0,1.5,5.0,0.4700000000000001,0.0,0.0
15.0,1.5,5.0,0.4800000000000001,0.6666666666666666,0.38964124440615516
15.0,1.5,5.0,0.49000000000000005,0.0,0.0
15.0,1.5,5.0,0.5000000000000001,0.6666666666666666,0.47077836015721025
15.0,1.5,8.0,0.05,1.0,0.746047565691584
15.0,1.5,8.0,0.060000000000000005,1.0,0.817854707402585
15.0,1.5,8.0,0.07,1.0,0.8283162782158294
15.0,1.5,8.0,0.08000000000000002,1.0,0.853021550927736
15.0,1.5,8.0,0.09000000000000001,1.0,0.26124283994528597
15.0,1.5,8.0,0.1,1.0,0.2568738533108643
15.0,1.5,8.0,0.11000000000000001,1.0,0.28916191013984144
15.0,1.5,8.0,0.12000000000000001,1.0,0.6991841968723481
15.0,1.5,8.0,0.13,1.0,0.5484541442238922
15.0,1.5,8.0,0.14,1.0,0.36289997199231055
15.0,1.5,8.0,0.15000000000000002,1.0,0.3376841453373327
15.0,1.5,8.0,0.16000000000000003,1.0,0.4223860414940906
15.0,1.5,8.0,0.17000000000000004,1.0,0.3611997619265619
15.0,1.5,8.0,0.18000000000000005,1.0,0.49076939427059213
15.0,1.5,8.0,0.19,1.0,0.4719970941472737
15.0,1.5,8.0,0.2,1.0,0.5432643528669404
15.0,1.5,8.0,0.21000000000000002,1.0,0.4192187516875509
15.0,1.5,8.0,0.22000000000000003,1.0,0.6485995839423695
15.0,1.5,8.0,0.23000000000000004,1.0,0.5426723715012086
15.0,1.5,8.0,0.24000000000000005,1.0,0.6281951293589333
15.0,1.5,8.0,0.25000000000000006,1.0,0.6683550999264559
15.0,1.5,8.0,0.26000000000000006,1.0,0.7184990536349739
15.0,1.5,8.0,0.27,1.0,0.7692510740037696
15.0,1.5,8.0,0.28,1.0,0.7382487135050665
15.0,1.5,8.0,0.29000000000000004,1.0,0.788454693762195
15.0,1.5,8.0,0.30000000000000004,1.0,0.7875356138192888
15.0,1.5,8.0,0.31000000000000005,1.0,0.8103244855069279
15.0,1.5,8.0,0.32000000000000006,1.0,0.8204428290853935
15.0,1.5,8.0,0.33,1.0,0.8273738599745126
15.0,1.5,8.0,0.34,1.0,0.8470641098702565
15.0,1.5,8.0,0.35000000000000003,1.0,0.8695837131072862
15.0,1.5,8.0,0.36000000000000004,1.0,0.8637433161635641
15.0,1.5,8.0,0.37000000000000005,1.0,0.8852541350994846
15.0,1.5,8.0,0.38000000000000006,1.0,0.9000040631078009
15.0,1.5,8.0,0.39000000000000007,1.0,0.8958518255815117
15.0,1.5,8.0,0.4000000000000001,1.0,0.9059156441711522
15.0,1.5,8.0,0.4100000000000001,1.0,0.9054571057646063
15.0,1.5,8.0,0.42000000000000004,1.0,0.910498000353884
15.0,1.5,8.0,0.43000000000000005,1.0,0.9311862785107086
15.0,1.5,8.0,0.44000000000000006,1.0,0.9265397163391791
15.0,1.5,8.0,0.45000000000000007,1.0,0.936966766269625
15.0,1.5,8.0,0.4600000000000001,1.0,0.9293794466836282
15.0,1.5,8.0,0.4700000000000001,1.0,0.9385271491705934
15.0,1.5,8.0,0.4800000000000001,1.0,0.9479496283300352
15.0,1.5,8.0,0.49000000000000005,1.0,0.9440092563943642
15.0,1.5,8.0,0.5000000000000001,1.0,0.9491410600827127
15.0,1.5,10.0,0.05,1.0,0.8060819152410562
15.0,1.5,10.0,0.060000000000000005,1.0,0.8275550539502032
15.0,1.5,10.0,0.07,1.0,0.8468845845491854
15.0,1.5,10.0,0.08000000000000002,1.0,0.8629149927558809
15.0,1.5,10.0,0.09000000000000001,1.0,0.6175313813884599
15.0,1.5,10.0,0.1,1.0,0.6020285484570357
15.0,1.5,10.0,0.11000000000000001,1.0,0.5553556400585652
15.0,1.5,10.0,0.12000000000000001,1.0,0.5903667609505211
15.0,1.5,10.0,0.13,1.0,0.5407770418218717
15.0,1.5,10.0,0.14,1.0,0.5806869991887553
15.0,1.5,10.0,0.15000000000000002,1.0,0.6077398137609551
15.0,1.5,10.0,0.16000000000000003,1.0,0.6110751914488212
15.0,1.5,10.0,0.17000000000000004,1.0,0.5748950944372874
15.0,1.5,10.0,0.18000000000000005,1.0,0.579757601951655
15.0,1.5,10.0,0.19,1.0,0.6235025032102874
15.0,1.5,10.0,0.2,1.0,0.6644118168168284
15.0,1.5,10.0,0.21000000000000002,1.0,0.6394383230620656
15.0,1.5,10.0,0.22000000000000003,1.0,0.6556950369809708
15.0,1.5,10.0,0.23000000000000004,1.0,0.6545482194678042
15.0,1.5,10.0,0.24000000000000005,1.0,0.7415472111207085
15.0,1.5,10.0,0.25000000000000006,1.0,0.7032390149181499
15.0,1.5,10.0,0.26000000000000006,1.0,0.7713382426801813
15.0,1.5,10.0,0.27,1.0,0.823216802676025
15.0,1.5,10.0,0.28,1.0,0.8067179759148208
15.0,1.5,10.0,0.29000000000000004,1.0,0.8152665426260395
15.0,1.5,10.0,0.30000000000000004,1.0,0.8115930857633732
15.0,1.5,10.0,0.31000000000000005,1.0,0.8257350818203008
15.0,1.5,10.0,0.32000000000000006,1.0,0.8292291704844527
15.0,1.5,10.0,0.33,1.0,0.8444850313277876
15.0,1.5,10.0,0.34,1.0,0.8461612181140025
15.0,1.5,10.0,0.35000000000000003,1.0,0.8500994219727303
15.0,1.5,10.0,0.36000000000000004,1.0,0.8549655200215894
15.0,1.5,10.0,0.37000000000000005,1.0,0.8711866596506198
15.0,1.5,10.0,0.38000000000000006,1.0,0.8670585258605369
15.0,1.5,10.0,0.39000000000000007,1.0,0.8804270064382352
15.0,1.5,10.0,0.4000000000000001,1.0,0.9039082339278471
15.0,1.5,10.0,0.4100000000000001,1.0,0.8994821659056033
15.0,1.5,10.0,0.42000000000000004,1.0,0.9239244926384957
15.0,1.5,10.0,0.43000000000000005,1.0,0.9157351548195244
15.0,1.5,10.0,0.44000000000000006,1.0,0.9224554667835555
15.0,1.5,10.0,0.45000000000000007,1.0,0.9317582868076344
15.0,1.5,10.0,0.4600000000000001,1.0,0.9255163033805687
15.0,1.5,10.0,0.4700000000000001,1.0,0.9251378773212707
15.0,1.5,10.0,0.4800000000000001,1.0,0.9378391155229245
15.0,1.5,10.0,0.49000000000000005,1.0,0.9362878567697247
15.0,1.5,10.0,0.5000000000000001,1.0,0.9387747144236142
10.0,1.5,5.0,0.05,1.0,0.3732809481189518
10.0,1.5,5.0,0.060000000000000005,1.0,0.4198474155806821
10.0,1.5,5.0,0.07,1.0,0.47427380133751956
10.0,1.5,5.0,0.08000000000000002,1.0,0.5178325464071106
10.0,1.5,5.0,0.09000000000000001,1.0,0.5561994584515064
10.0,1.5,5.0,0.1,1.0,0.506802370965206
10.0,1.5,5.0,0.11000000000000001,1.0,0.6188787804275052
10.0,1.5,5.0,0.12000000000000001,1.0,0.4896547437782131
10.0,1.5,5.0,0.13,1.0,0.484844035527229
10.0,1.5,5.0,0.14,1.0,0.4723092191795451
10.0,1.5,5.0,0.15000000000000002,1.0,0.5182140464694945
10.0,1.5,5.0,0.16000000000000003,1.0,0.5322883151964182
10.0,1.5,5.0,0.17000000000000004,1.0,0.540918658390918
10.0,1.5,5.0,0.18000000000000005,1.0,0.559254898073791
10.0,1.5,5.0,0.19,1.0,0.5665292440907311
10.0,1.5,5.0,0.2,1.0,0.5831255943170315
10.0,1.5,5.0,0.21000000000000002,1.0,0.6065285862957974
10.0,1.5,5.0,0.22000000000000003,1.0,0.6182570222687459
10.0,1.5,5.0,0.23000000000000004,1.0,0.6299398493430407
10.0,1.5,5.0,0.24000000000000005,1.0,0.6400545483215909
10.0,1.5,5.0,0.25000000000000006,1.0,0.6560867465429766
10.0,1.5,5.0,0.26000000000000006,1.0,0.6569648924290868
10.0,1.5,5.0,0.27,1.0,0.6851797036227177
10.0,1.5,5.0,0.28,1.0,0.6860560398449947
10.0,1.5,5.0,0.29000000000000004,1.0,0.7043974407435614
10.0,1.5,5.0,0.30000000000000004,1.0,0.7145694715920096
10.0,1.5,5.0,0.31000000000000005,1.0,0.7190039125129108
10.0,1.5,5.0,0.32000000000000006,1.0,0.7301289977306048
10.0,1.5,5.0,0.33,1.0,0.7349900613303725
10.0,1.5,5.0,0.34,1.0,0.7524300218959222
10.0,1.5,5.0,0.35000000000000003,1.0,0.7619642298541688
10.0,1.5,5.0,0.36000000000000004,1.0,0.7603496639949934
10.0,1.5,5.0,0.37000000000000005,1.0,0.7804192147538469
10.0,1.5,5.0,0.38000000000000006,1.0,0.7820365739786439
10.0,1.5,5.0,0.39000000000000007,1.0,0.7837760463312193
10.0,1.5,5.0,0.4000000000000001,1.0,0.7871173861472335
10.0,1.5,5.0,0.4100000000000001,1.0,0.7939068385089376
10.0,1.5,5.0,0.42000000000000004,1.0,0.7936695851432295
10.0,1.5,5.0,0.43000000000000005,1.0,0.7987513806105411
10.0,1.5,5.0,0.44000000000000006,1.0,0.814602830804112
10.0,1.5,5.0,0.45000000000000007,1.0,0.8119735295597638
10.0,1.5,5.0,0.4600000000000001,1.0,0.8160182829830335
10.0,1.5,5.0,0.4700000000000001,1.0,0.8166127309218533
10.0,1.5,5.0,0.4800000000000001,1.0,0.8372367948941912
10.0,1.5,5.0,0.49000000000000005,1.0,0.8337835321114836
10.0,1.5,5.0,0.5000000000000001,1.0,0.8335636866862629
10.0,1.5,8.0,0.05,1.0,0.7477294157476323
10.0,1.5,8.0,0.060000000000000005,1.0,0.5292122051681217
10.0,1.5,8.0,0.07,1.0,0.44102596548219103
10.0,1.5,8.0,0.08000000000000002,1.0,0.4705674687013915
10.0,1.5,8.0,0.09000000000000001,1.0,0.6186244963359661
10.0,1.5,8.0,0.1,1.0,0.6018748091245556
10.0,1.5,8.0,0.11000000000000001,1.0,0.633145662753842
10.0,1.5,8.0,0.12000000000000001,1.0,0.6653763367778521
10.0,1.5,8.0,0.13,1.0,0.6175258119254696
10.0,1.5,8.0,0.14,1.0,0.692842993080454
10.0,1.5,8.0,0.15000000000000002,1.0,0.61124622417412
10.0,1.5,8.0,0.16000000000000003,1.0,0.7346925737239077
10.0,1.5,8.0,0.17000000000000004,1.0,0.795662806146204
10.0,1.5,8.0,0.18000000000000005,1.0,0.7537725540528554
10.0,1.5,8.0,0.19,1.0,0.7761604329998845
10.0,1.5,8.0,0.2,1.0,0.7878057702357032
10.0,1.5,8.0,0.21000000000000002,1.0,0.7966618552409889
10.0,1.5,8.0,0.22000000000000003,1.0,0.792130029091414
10.0,1.5,8.0,0.23000000000000004,1.0,0.7956620445259704
10.0,1.5,8.0,0.24000000000000005,1.0,0.7721215454457949
10.0,1.5,8.0,0.25000000000000006,1.0,0.776039582362607
10.0,1.5,8.0,0.26000000000000006,1.0,0.7840911818747696
10.0,1.5,8.0,0.27,1.0,0.7926959386490561
10.0,1.5,8.0,0.28,1.0,0.8044093945485459
10.0,1.5,8.0,0.29000000000000004,1.0,0.8089919933577961
10.0,1.5,8.0,0.30000000000000004,1.0,0.823231222689382
10.0,1.5,8.0,0.31000000000000005,1.0,0.8266749325752615
10.0,1.5,8.0,0.32000000000000006,1.0,0.833253460493849
10.0,1.5,8.0,0.33,1.0,0.8486473632531991
10.0,1.5,8.0,0.34,1.0,0.8558628138482806
10.0,1.5,8.0,0.35000000000000003,1.0,0.8626460066300895
10.0,1.5,8.0,0.36000000000000004,1.0,0.8697249301435672
10.0,1.5,8.0,0.37000000000000005,1.0,0.8748679199302968
10.0,1.5,8.0,0.38000000000000006,1.0,0.8758316458407958
10.0,1.5,8.0,0.39000000000000007,1.0,0.8776838453789105
10.0,1.5,8.0,0.4000000000000001,1.0,0.8899826979924708
10.0,1.5,8.0,0.4100000000000001,1.0,0.8946983677058545
10.0,1.5,8.0,0.42000000000000004,1.0,0.8979058290289602
10.0,1.5,8.0,0.43000000000000005,1.0,0.9020863227679418
10.0,1.5,8.0,0.44000000000000006,1.0,0.9031442113384219
10.0,1.5,8.0,0.45000000000000007,1.0,0.906313492694362
10.0,1.5,8.0,0.4600000000000001,1.0,0.9073132832948553
10.0,1.5,8.0,0.4700000000000001,1.0,0.9113018640013498
10.0,1.5,8.0,0.4800000000000001,1.0,0.9126362243027785
10.0,1.5,8.0,0.49000000000000005,1.0,0.9187042980125257
10.0,1.5,8.0,0.5000000000000001,1.0,0.9186835485407218
10.0,1.5,10.0,0.05,1.0,0.7558608049742553
10.0,1.5,10.0,0.060000000000000005,1.0,0.5642573204501878
10.0,1.5,10.0,0.07,1.0,0.5655948967212395
10.0,1.5,10.0,0.08000000000000002,1.0,0.5500391002144348
10.0,1.5,10.0,0.09000000000000001,1.0,0.6358410387290085
10.0,1.5,10.0,0.1,1.0,0.7010799312993506
10.0,1.5,10.0,0.11000000000000001,1.0,0.674083469506266
10.0,1.5,10.0,0.12000000000000001,1.0,0.6092439489530511
10.0,1.5,10.0,0.13,1.0,0.7227659687058537
10.0,1.5,10.0,0.14,1.0,0.6662619771537349
10.0,1.5,10.0,0.15000000000000002,1.0,0.7803763846391379
10.0,1.5,10.0,0.16000000000000003,1.0,0.6405877273672668
10.0,1.5,10.0,0.17000000000000004,1.0,0.771261988160528
10.0,1.5,10.0,0.18000000000000005,1.0,0.761205964670682
10.0,1.5,10.0,0.19,1.0,0.7558140746918763
10.0,1.5,10.0,0.2,1.0,0.7690265142865393
10.0,1.5,10.0,0.21000000000000002,1.0,0.828990810737316
10.0,1.5,10.0,0.22000000000000003,1.0,0.8371284560489053
10.0,1.5,10.0,0.23000000000000004,1.0,0.8118538342092233
10.0,1.5,10.0,0.24000000000000005,1.0,0.823877370648909
10.0,1.5,10.0,0.25000000000000006,1.0,0.8212759527680347
10.0,1.5,10.0,0.26000000000000006,1.0,0.842101663828415
10.0,1.5,10.0,0.27,1.0,0.8257529593500501
10.0,1.5,10.0,0.28,1.0,0.8310127066121136
10.0,1.5,10.0,0.29000000000000004,1.0,0.8404638805160061
10.0,1.5,10.0,0.30000000000000004,1.0,0.8442460447457494
10.0,1.5,10.0,0.31000000000000005,1.0,0.8514220070483134
10.0,1.5,10.0,0.32000000000000006,1.0,0.8565225179530982
10.0,1.5,10.0,0.33,1.0,0.8613283228188925
10.0,1.5,10.0,0.34,1.0,0.8710446588368795
10.0,1.5,10.0,0.35000000000000003,1.0,0.8738488814773139
10.0,1.5,10.0,0.36000000000000004,1.0,0.8785602697439124
10.0,1.5,10.0,0.37000000000000005,1.0,0.8786246917271799
10.0,1.5,10.0,0.38000000000000006,1.0,0.886287621668215
10.0,1.5,10.0,0.39000000000000007,1.0,0.8887043955312807
10.0,1.5,10.0,0.4000000000000001,1.0,0.9004872553213844
10.0,1.5,10.0,0.4100000000000001,1.0,0.8994774613646332
10.0,1.5,10.0,0.42000000000000004,1.0,0.9027592358867972
10.0,1.5,10.0,0.43000000000000005,1.0,0.9044163319568357
10.0,1.5,10.0,0.44000000000000006,1.0,0.90854576954169
10.0,1.5,10.0,0.45000000000000007,1.0,0.9119335574505102
10.0,1.5,10.0,0.4600000000000001,1.0,0.912642886179411
10.0,1.5,10.0,0.4700000000000001,1.0,0.9170858260033601
10.0,1.5,10.0,0.4800000000000001,1.0,0.9191795359574355
10.0,1.5,10.0,0.49000000000000005,1.0,0.9208611175203384
10.0,1.5,10.0,0.5000000000000001,1.0,0.9215647961169461
5.0,1.5,5.0,0.05,1.0,0.11153698972979631
5.0,1.5,5.0,0.060000000000000005,1.0,0.2029103480574531
5.0,1.5,5.0,0.07,1.0,0.24674119258953242
5.0,1.5,5.0,0.08000000000000002,1.0,0.3335823869286924
5.0,1.5,5.0,0.09000000000000001,1.0,0.325948082690608
5.0,1.5,5.0,0.1,1.0,0.32664607175417587
5.0,1.5,5.0,0.11000000000000001,1.0,0.3391739415948541
5.0,1.5,5.0,0.12000000000000001,1.0,0.38796824099643196
5.0,1.5,5.0,0.13,1.0,0.47865169572582383
5.0,1.5,5.0,0.14,1.0,0.4652961251826173
5.0,1.5,5.0,0.15000000000000002,1.0,0.5099861825020919
5.0,1.5,5.0,0.16000000000000003,1.0,0.49709198516914216
5.0,1.5,5.0,0.17000000000000004,1.0,0.5286591528383209
5.0,1.5,5.0,0.18000000000000005,1.0,0.5730971374059268
5.0,1.5,5.0,0.19,1.0,0.549521404002224
5.0,1.5,5.0,0.2,1.0,0.5556246325985178
5.0,1.5,5.0,0.21000000000000002,1.0,0.5693504050926701
5.0,1.5,5.0,0.22000000000000003,1.0,0.593853408766572
5.0,1.5,5.0,0.23000000000000004,1.0,0.5701713657184352
5.0,1.5,5.0,0.24000000000000005,1.0,0.5972105113282562
5.0,1.5,5.0,0.25000000000000006,1.0,0.5975599759986169
5.0,1.5,5.0,0.26000000000000006,1.0,0.6448101711783192
5.0,1.5,5.0,0.27,1.0,0.6246880112352892
5.0,1.5,5.0,0.28,1.0,0.6473403553546299
5.0,1.5,5.0,0.29000000000000004,1.0,0.6634431620483003
5.0,1.5,5.0,0.30000000000000004,1.0,0.6887349166129827
5.0,1.5,5.0,0.31000000000000005,1.0,0.6932798379926878
5.0,1.5,5.0,0.32000000000000006,1.0,0.6983557637728882
5.0,1.5,5.0,0.33,1.0,0.700776859745412
5.0,1.5,5.0,0.34,1.0,0.7063444439808898
5.0,1.5,5.0,0.35000000000000003,1.0,0.6963203042838934
5.0,1.5,5.0,0.36000000000000004,1.0,0.7186529175991336
5.0,1.5,5.0,0.37000000000000005,1.0,0.7225441771625688
5.0,1.5,5.0,0.38000000000000006,1.0,0.7152769891702807
5.0,1.5,5.0,0.39000000000000007,1.0,0.7223997565184649
5.0,1.5,5.0,0.4000000000000001,1.0,0.7297900907750515
5.0,1.5,5.0,0.4100000000000001,1.0,0.736730215931437
5.0,1.5,5.0,0.42000000000000004,1.0,0.7355413309102854
5.0,1.5,5.0,0.43000000000000005,1.0,0.7359477857280791
5.0,1.5,5.0,0.44000000000000006,1.0,0.7396185481452994
5.0,1.5,5.0,0.45000000000000007,1.0,0.7478036844743216
5.0,1.5,5.0,0.4600000000000001,1.0,0.7527503058862098
5.0,1.5,5.0,0.4700000000000001,1.0,0.7579893980035907
5.0,1.5,5.0,0.4800000000000001,1.0,0.7639333574093051
5.0,1.5,5.0,0.49000000000000005,1.0,0.7707521232936854
5.0,1.5,5.0,0.5000000000000001,1.0,0.7740809489487567
5.0,1.5,8.0,0.05,1.0,0.3514271527534098
5.0,1.5,8.0,0.060000000000000005,1.0,0.43418866423268315
5.0,1.5,8.0,0.07,1.0,0.43908035842467424
5.0,1.5,8.0,0.08000000000000002,1.0,0.5135465464816633
5.0,1.5,8.0,0.09000000000000001,1.0,0.43947704665165627
5.0,1.5,8.0,0.1,1.0,0.4319279700973997
5.0,1.5,8.0,0.11000000000000001,1.0,0.5424233271706468
5.0,1.5,8.0,0.12000000000000001,1.0,0.5665286733157652
5.0,1.5,8.0,0.13,1.0,0.6018646617781093
5.0,1.5,8.0,0.14,1.0,0.5603893374554852
5.0,1.5,8.0,0.15000000000000002,1.0,0.6573365804276339
5.0,1.5,8.0,0.16000000000000003,1.0,0.6452482334149875
5.0,1.5,8.0,0.17000000000000004,1.0,0.669181363436552
5.0,1.5,8.0,0.18000000000000005,1.0,0.7102303533302164
5.0,1.5,8.0,0.19,1.0,0.689469322132266
5.0,1.5,8.0,0.2,1.0,0.729914015014297
5.0,1.5,8.0,0.21000000000000002,1.0,0.7182660380849922
5.0,1.5,8.0,0.22000000000000003,1.0,0.733417301504297
5.0,1.5,8.0,0.23000000000000004,1.0,0.7388873569071658
5.0,1.5,8.0,0.24000000000000005,1.0,0.7285549120545584
5.0,1.5,8.0,0.25000000000000006,1.0,0.7556640635001699
5.0,1.5,8.0,0.26000000000000006,1.0,0.7007603633132368
5.0,1.5,8.0,0.27,1.0,0.71166404484542
5.0,1.5,8.0,0.28,1.0,0.7618362191334841
5.0,1.5,8.0,0.29000000000000004,1.0,0.7683084825359251
5.0,1.5,8.0,0.30000000000000004,1.0,0.7805470273320166
5.0,1.5,8.0,0.31000000000000005,1.0,0.783254776733898
5.0,1.5,8.0,0.32000000000000006,1.0,0.8016292558310566
5.0,1.5,8.0,0.33,1.0,0.8038065629514204
5.0,1.5,8.0,0.34,1.0,0.8062415963258255
5.0,1.5,8.0,0.35000000000000003,1.0,0.7981926924995785
5.0,1.5,8.0,0.36000000000000004,1.0,0.8194484470679573
5.0,1.5,8.0,0.37000000000000005,1.0,0.8100001188067303
5.0,1.5,8.0,0.38000000000000006,1.0,0.7844153277276268
5.0,1.5,8.0,0.39000000000000007,1.0,0.8139498630318208
5.0,1.5,8.0,0.4000000000000001,1.0,0.8106167386873521
5.0,1.5,8.0,0.4100000000000001,1.0,0.8187456549424184
5.0,1.5,8.0,0.42000000000000004,1.0,0.8212622315088147
5.0,1.5,8.0,0.43000000000000005,1.0,0.8084444457224933
5.0,1.5,8.0,0.44000000000000006,1.0,0.8118444923812002
5.0,1.5,8.0,0.45000000000000007,1.0,0.8354507378683516
5.0,1.5,8.0,0.4600000000000001,1.0,0.8307315106921779
5.0,1.5,8.0,0.4700000000000001,1.0,0.8399467710196925
5.0,1.5,8.0,0.4800000000000001,1.0,0.8356607881816819
5.0,1.5,8.0,0.49000000000000005,1.0,0.8219037740774908
5.0,1.5,8.0,0.5000000000000001,1.0,0.8305476183876834
5.0,1.5,10.0,0.05,1.0,0.43720819471175526
5.0,1.5,10.0,0.060000000000000005,1.0,0.5004103595935241
5.0,1.5,10.0,0.07,1.0,0.49556726247281624
5.0,1.5,10.0,0.08000000000000002,1.0,0.5770456387189912
5.0,1.5,10.0,0.09000000000000001,1.0,0.47664349458117616
5.0,1.5,10.0,0.1,1.0,0.45875024144260307
5.0,1.5,10.0,0.11000000000000001,1.0,0.6015049397333212
5.0,1.5,10.0,0.12000000000000001,1.0,0.5617786908638285
5.0,1.5,10.0,0.13,1.0,0.5950144195770535
5.0,1.5,10.0,0.14,1.0,0.6556862032727179
5.0,1.5,10.0,0.15000000000000002,1.0,0.6620622803536725
5.0,1.5,10.0,0.16000000000000003,1.0,0.7043695764445377
5.0,1.5,10.0,0.17000000000000004,1.0,0.6847968257961452
5.0,1.5,10.0,0.18000000000000005,1.0,0.7308502194998298
5.0,1.5,10.0,0.19,1.0,0.7255411771100988
5.0,1.5,10.0,0.2,1.0,0.7313196848067184
5.0,1.5,10.0,0.21000000000000002,1.0,0.748429446798445
5.0,1.5,10.0,0.22000000000000003,1.0,0.7445538077299615
5.0,1.5,10.0,0.23000000000000004,1.0,0.7554567691951736
5.0,1.5,10.0,0.24000000000000005,1.0,0.718445486863937
5.0,1.5,10.0,0.25000000000000006,1.0,0.7260396490966502
5.0,1.5,10.0,0.26000000000000006,1.0,0.7570486121606083
5.0,1.5,10.0,0.27,1.0,0.7530480477614422
5.0,1.5,10.0,0.28,1.0,0.7660698300930827
5.0,1.5,10.0,0.29000000000000004,1.0,0.8018502839458453
5.0,1.5,10.0,0.30000000000000004,1.0,0.7709120046124349
5.0,1.5,10.0,0.31000000000000005,1.0,0.773771685234578
5.0,1.5,10.0,0.32000000000000006,1.0,0.813273457093937
5.0,1.5,10.0,0.33,1.0,0.7880660916480405
5.0,1.5,10.0,0.34,1.0,0.8080734297594604
5.0,1.5,10.0,0.35000000000000003,1.0,0.7917668509928015
5.0,1.5,10.0,0.36000000000000004,1.0,0.8069351383746031
5.0,1.5,10.0,0.37000000000000005,1.0,0.8116117487213238
5.0,1.5,10.0,0.38000000000000006,1.0,0.8192229577044076
5.0,1.5,10.0,0.39000000000000007,1.0,0.8251330347128137
5.0,1.5,10.0,0.4000000000000001,1.0,0.8194916457542719
5.0,1.5,10.0,0.4100000000000001,1.0,0.8230279547343037
5.0,1.5,10.0,0.42000000000000004,1.0,0.837248829078591
5.0,1.5,10.0,0.43000000000000005,1.0,0.8431774973967835
5.0,1.5,10.0,0.44000000000000006,1.0,0.8286405981287438
5.0,1.5,10.0,0.45000000000000007,1.0,0.8378816372117163
5.0,1.5,10.0,0.4600000000000001,1.0,0.8374848507256004
5.0,1.5,10.0,0.4700000000000001,1.0,0.8553139466524923
5.0,1.5,10.0,0.4800000000000001,1.0,0.8455964838610707
5.0,1.5,10.0,0.49000000000000005,1.0,0.851330914565542
5.0,1.5,10.0,0.5000000000000001,1.0,0.8570905302961962
